key,size_bytes,last_modified,etag
gallery/default/07aaf89a-b166-40a0-8207-70e211be50fc.jpg,336727,2026-07-30T15:21:12+00:00,968afc7ed20b5ea774cca75f0f9478f2
gallery/default/10d03c4e-afcf-47af-8525-95a257973625.jpg,112535,2026-07-18T16:38:31+00:00,355026de8240cc3108ac174b1821e8b6
gallery/default/1118d6fc-a428-45ed-8da8-1701c8800602.jpg,152471,2026-07-17T17:52:13+00:00,865276165f9b1efbcde388bd6ac29c90
gallery/default/11bcbf5c-c20d-4e1d-ade4-180bed338484.jpg,305254,2026-07-21T22:45:31+00:00,7563747a788699c0994bf19ef4c28d85
gallery/default/11dcc328-0a29-4091-8b90-b0122b316715.jpg,240713,2026-07-27T18:02:35+00:00,300108c754a3b4a396a21999c8a49e8a
gallery/default/1522be5d-3198-4402-9337-69a74f58891a.jpg,327965,2026-07-30T18:26:38+00:00,85f7c97c4415534024a61580bcdac10d
gallery/default/1799ede8-e02a-416a-8482-19f01af0c036.jpg,125247,2026-07-17T18:11:33+00:00,111d3da165e92b4f372eff0dbbffc32c
gallery/default/1df31483-32e7-40cb-a406-bb64de0a6441.jpg,445195,2026-07-28T19:20:54+00:00,911d2bec47b55aa77c17348f80c972ef
gallery/default/23732b55-e92b-4d2b-ba52-495efdea9a33.jpg,291757,2026-07-28T19:22:26+00:00,a8c03c32834ffddeb281b922456e1a0d
gallery/default/23e605f1-3960-4d18-bbef-1cb8001632b0.jpg,270777,2026-08-03T19:44:50+00:00,89c00fc53dee89fb4a6d9da59cb6d50e
gallery/default/282ff78b-d8d4-45e8-ad30-88149af32faa.jpg,144548,2026-07-17T17:32:37+00:00,a209dd2f23751aa507fa0870fd5ce81d
gallery/default/295ad011-93d2-4366-ab3e-1e0401d44a74.jpg,137537,2026-07-17T17:41:43+00:00,69692ee6e74ef22eedc62da7b9a53b23
gallery/default/2a6913ce-bedd-4e18-a036-7d3579759822.jpg,153687,2026-07-17T17:49:35+00:00,9f610db5a39ef9704071b91474aba05b
gallery/default/306539b3-7761-4620-b1e3-00d64597e435.jpg,374649,2026-07-21T20:47:54+00:00,83b2ef982026daae8d719e9df7f72de1
gallery/default/35e90315-af4b-44cd-a281-026f6a8f503d.jpg,310487,2026-07-21T20:41:12+00:00,32195ec3d7d96d0f852fc7f087d2ca9d
gallery/default/39ff35db-992a-427a-992a-8457707d969d.jpg,191129,2026-07-17T21:41:14+00:00,aeac3a29840b35516d7a7bb575e8f773
gallery/default/3b01c0ab-5a65-4c1d-aa31-575172b75a37.jpg,182748,2026-07-17T21:38:19+00:00,5d269e45e32910305d6c321ae5380476
gallery/default/3dc1b496-9263-4483-ad7a-fb7076e69b33.jpg,152836,2026-07-17T17:53:21+00:00,e2d74e4a846e7b62a59c24b47aa37c7b
gallery/default/3ec7c997-5e46-45f1-b8c4-7c7c11c282de.jpg,174039,2026-07-17T18:25:58+00:00,7b5883ae74e155f64a7ba81b491389ad
gallery/default/40915bbe-1e23-421c-955a-c76274f97818.jpg,225840,2026-08-03T19:24:41+00:00,cc6cad90d9bdb38937c039eb62f5ea8f
gallery/default/4a84f367-ad41-471f-a4ff-66fbf00c301b.jpg,341789,2026-07-30T18:22:10+00:00,01bf3aa9be8e9dd04465cd83160a91ad
gallery/default/4d0868a5-b33d-42c6-8b74-78eac39ef86f.jpg,348523,2026-07-30T18:14:53+00:00,c780812fdec0cb02ab634a7984e82d82
gallery/default/5047d814-d248-4802-958b-7e4e47b1874d.jpg,167739,2026-07-17T18:44:10+00:00,8c97f311297fedb79f775c4595689aa2
gallery/default/515f6d9a-2675-41ff-b1b4-4afb8068b953.jpg,307232,2026-07-21T18:51:43+00:00,e6d0e99baf2956d7b5d30037df3f839b
gallery/default/518d9189-629a-4d95-8f23-200beddb9f43.jpg,373573,2026-07-21T22:45:58+00:00,fb673515a8eb4b06e442900d88df22d0
gallery/default/53a441d6-a481-44b2-ac2d-577c4cccaf4a.jpg,358669,2026-07-21T19:37:21+00:00,bbefa47dff833a17408916f4c2b5c823
gallery/default/53d51fa4-8c91-495e-a9b5-39312ece06bc.jpg,145962,2026-07-17T17:47:00+00:00,54ea8b7ce496ae3961e7172c3e628259
gallery/default/61bc9d3c-26b0-4245-ad2c-18851eec0291.jpg,167594,2026-07-17T21:51:40+00:00,02c10a48e48a070a20a87a270446d832
gallery/default/62c69b15-66fe-4585-af65-990c9a48e4d8.jpg,355931,2026-07-21T19:03:24+00:00,b0d1daa6df5326f28c9201f9581234a6
gallery/default/64008179-8896-4f38-88b5-441f81137009.jpg,247505,2026-07-22T19:22:23+00:00,aa93f070641d1e74eb4e01a03ca359c9
gallery/default/66a978db-4b07-40b2-9685-f1da528e207c.jpg,326107,2026-07-21T18:40:26+00:00,6f9d225f3f72dd8af0c0cf521d90918e
gallery/default/6a934090-321e-41da-957d-2e6271382405.jpg,315526,2026-07-21T22:44:12+00:00,754d3a1a91c3b151e552d63419db249a
gallery/default/71080697-d891-41c6-9d50-0c91985f2e23.jpg,123763,2026-07-17T18:13:55+00:00,e27fd89742823bafcc8cf5d98e7e00b6
gallery/default/74205d60-72f2-4b5e-a4c3-4264a2db45d4.jpg,340215,2026-07-30T18:12:55+00:00,05e2aa7f9575d01e727b43dd0af173bc
gallery/default/74bc872b-9da1-411e-a83a-22ef233d32ef.jpg,286030,2026-07-22T20:33:13+00:00,b2851cc9b4ee278ed269a5038be88345
gallery/default/7534d7ac-b2fe-437c-8b7b-72107560fca8.jpg,279901,2026-07-22T20:32:32+00:00,bd12525a433cf8ee3fc53a72b1d3e924
gallery/default/7561e8e0-d254-4aec-9908-4bc6b479f970.jpg,183370,2026-07-17T21:33:04+00:00,6e5c1b697895b491e457cfac3a72cdaa
gallery/default/76ae1cdc-78f3-4c70-9f8d-2e75b999e560.jpg,268983,2026-07-27T18:12:54+00:00,6755cd81f3f64bcdd970857e269e1248
gallery/default/7a563023-7d12-4e80-b26e-1f9864a4cc4d.jpg,299115,2026-07-22T19:41:09+00:00,21d63e3e353824ee2b5ef1314fc50bb1
gallery/default/80aa4b49-c01a-452d-b3b5-fcea512d098d.jpg,173013,2026-07-17T18:29:10+00:00,0de811587cc71c032910b5ecdc14b845
gallery/default/8d6b4d57-1365-4b0d-a08c-3af4dd005aa3.jpg,148262,2026-07-17T21:31:43+00:00,11b0ace925d186f16b9472db05c541d5
gallery/default/9290fef7-f406-4701-bc02-f2290566e45c.jpg,168042,2026-07-17T21:50:54+00:00,9019e1a84a20f6a4967a26a91463bbb5
gallery/default/991efe86-8071-4f6c-b5f5-6a5b78bad762.jpg,311248,2026-07-21T22:33:35+00:00,38fde18ab306c2fcc59ef394b1430bee
gallery/default/9a780b21-a2c7-45ab-8f76-e124fbc4ec98.jpg,402558,2026-07-21T20:48:17+00:00,ff9f60b4fbe74b76512bea2ae417db0a
gallery/default/9a819b2e-3ca4-4ce0-9b20-3281174fb188.jpg,158161,2026-07-17T18:00:22+00:00,a364c69462c121d06fe696d1f06cd42f
gallery/default/9fc9c856-4c45-48af-86f2-60671db81fc8.jpg,149547,2026-07-17T18:20:51+00:00,59a581fc89cea0052c7d43f72978173b
gallery/default/a061cae2-604f-4779-97e3-2004fcb09cf0.jpg,272911,2026-08-03T20:23:11+00:00,59536788a96d82f5db168ebc0250274e
gallery/default/aa75fc81-7f5f-440b-861e-3960edf1d819.jpg,243433,2026-07-22T16:49:58+00:00,34c97c243f6451b2b219cc1ada0ec25e
gallery/default/adb36aeb-625e-48ff-8028-f0f55852d569.jpg,346963,2026-07-21T20:47:28+00:00,ecc5c1a4775ea66c7884e1dd2677196d
gallery/default/b4dab829-8b56-4987-8c8d-6563f93dd3cf.jpg,151230,2026-07-27T17:55:49+00:00,e16c45def066e3cc6ea02c9a090a3fe3
gallery/default/b5812837-e318-4c79-85d7-a544f7a10b21.jpg,297909,2026-07-22T19:32:07+00:00,39377e1776c7b27d1ae2d59e3d53efe5
gallery/default/b6abe3de-0cea-4e20-b92e-0768c4fa9260.jpg,152076,2026-07-27T18:32:59+00:00,304227628b4e57be324376c86de6b542
gallery/default/b6cbad40-a3e6-4548-92d6-e20158968924.jpg,234564,2026-07-21T20:39:24+00:00,1fde584d5f56327e74b7a14cea0a2711
gallery/default/be097bd8-14e5-49ec-b85d-4c75d7b9b915.jpg,276889,2026-07-22T20:29:41+00:00,6f1ea223a959514ba06aa1e1900696c6
gallery/default/bf92c8f6-ff6b-4bf8-8831-e5c8453facf2.jpg,441431,2026-07-21T18:46:55+00:00,d389b1d3dcb6902ccb192e7937f553bc
gallery/default/c136db51-9185-4fb7-b6f0-0a6b8ac0ead9.jpg,173511,2026-07-17T18:29:53+00:00,485296efac98eac225d9deff91187608
gallery/default/c66085de-99aa-4458-87c7-5e0ca26a0769.jpg,162629,2026-07-17T21:33:53+00:00,9effe26b2d6dfed13db7d77e90fc3d21
gallery/default/ce96c2b6-3ddb-4bd9-bb39-07b67eb3a176.jpg,146339,2026-07-17T18:17:42+00:00,37730d9cc38910a18f9e6bb67e6957cb
gallery/default/cf94e92b-e646-4dba-afb9-ea5ae88d0f9a.jpg,371864,2026-07-21T18:52:57+00:00,f062a99215f1f0fe8b38dee2415a47b4
gallery/default/cfb58f2f-4540-479c-8126-5eb8da600ec4.jpg,278219,2026-07-22T20:06:55+00:00,d4bfda1b74237cd8c92a40e351975135
gallery/default/cfcf41aa-4c3b-4e68-a1d2-5a237bd6f3f4.jpg,273237,2026-07-21T22:36:07+00:00,bbfadb2791257b8ca2f86c4e5d5de01a
gallery/default/d366f648-2e12-417e-86b7-18f3808f87c4.jpg,258559,2026-08-03T20:23:45+00:00,8433dd9527260171c4b3aea3e77ca015
gallery/default/d4f600db-1a24-43db-9ce7-57a29af4e39b.jpg,312556,2026-07-21T19:17:36+00:00,8adb05182f554246c4893ac42544fd2f
gallery/default/da26deea-7c75-4572-9ae1-d69cc9d6b7e9.jpg,305493,2026-07-21T18:50:50+00:00,f2542a4c19610381abfe3a01490d835f
gallery/default/dd7643f4-0508-48c4-98f9-51cb3a98986f.jpg,319451,2026-07-21T18:39:34+00:00,b1ec4e6e32fbcf76529835d2950df9ca
gallery/default/e1b520a2-694d-4bba-96b6-b30720534156.jpg,281616,2026-07-22T16:47:40+00:00,c5d34df60bbbcf50fb75378d46d83665
gallery/default/e3282bc3-defb-48e3-9326-ee50f5e9cc5d.jpg,321659,2026-07-21T18:36:11+00:00,6ff0848ee8715e72b60c3fe418b7c5be
gallery/default/e4b49bf5-aac0-4900-930b-2128b05d2d62.jpg,279937,2026-08-03T20:00:13+00:00,e3a438eeb263cf158533fc66257001fb
gallery/default/e620c0f1-9e15-42c4-bdc8-e39c1f0f9fff.jpg,385721,2026-07-22T19:25:06+00:00,5c13cb3f1b76e9c1541d0f319fb53c47
gallery/default/e696b3f5-7311-4a3f-8f31-0dcc82e644a6.jpg,298422,2026-08-03T20:23:27+00:00,db96adc4a7527b6b87320497be317bdc
gallery/default/ebfafc2b-0d83-4ea3-8047-8753865fea82.jpg,211055,2026-08-03T19:22:53+00:00,dbd6ad559e67cf2dfb9b1da6a350908c
gallery/default/efa3895b-f891-43bf-81f6-d68d4b2c214b.jpg,289293,2026-07-22T19:36:16+00:00,d0ff82adf7b67f5edbd64d6464ecd7b3
gallery/default/f2b014ce-4c11-4d28-8d60-2883385ef6cf.jpg,251871,2026-07-30T15:12:14+00:00,690197f3c963873cf35ea9d74562e867
gallery/default/f68e81ab-d72b-4aa6-97b3-1a962447b7b5.jpg,273687,2026-08-03T19:43:09+00:00,bd006a277ebd0202dd0cd241ca9f4090
gallery/default/f6bf4b60-6461-4cea-b6a7-524d7e424eaa.jpg,219897,2026-08-03T19:13:23+00:00,dde3cec97ad318d81a2096d1557a04a2
gallery/default/f9e3dd5b-5d45-41fa-af74-96cde5d87ad3.jpg,151995,2026-07-17T17:59:12+00:00,47f456c884dd7192382ae9e511b59d77
gallery/default/fb1138a5-960a-423c-855b-a80a5f14fdc9.jpg,179883,2026-07-17T21:35:23+00:00,c8c49c4be28c41a6a06c8a0c8bd601ac
gallery/default/fbde6f0b-0692-4246-864e-58de8441ee56.jpg,120446,2026-07-17T18:07:44+00:00,757698c374d3b0a1d5f0175c7a4d6a43
gallery/default/fd660e32-661d-43ca-905d-ef2defd01d6a.jpg,171560,2026-07-17T18:35:11+00:00,0975f0ae44d9f4d8f135734c46058958
gallery/default/feae94b5-9067-45e9-bc53-2a80b96dd3af.jpg,289632,2026-07-22T20:13:35+00:00,8da4a790ad274a96eba1cafcb4d311be
gallery/local-test/00c09709-020c-4f4c-99b0-0ba77ceb0a3d.jpg,126288,2026-07-15T21:32:43+00:00,5374f000fb43f5a7a87bcc24b977d9d4
gallery/local-test/01386c29-bba9-4e40-9225-4f43db1a8931.jpg,268912,2026-07-18T16:41:05+00:00,94d83927efd516c326e6a2417424b768
gallery/local-test/02509f3f-6f7f-4aa0-b779-efd77da2a202.jpg,221620,2026-07-18T17:31:50+00:00,6e840da92146134a4622ad81b231ce35
gallery/local-test/03e69ac0-6265-430a-af6c-0b6155bdf0c7.jpg,263344,2026-07-18T16:41:38+00:00,32b713ab82d979dc66510f5909c104a9
gallery/local-test/03f9c7d9-e208-4ba4-87ed-0ac6bb4b2133.jpg,112848,2026-07-17T09:19:54+00:00,6673ab2cd8c02cd5d6ea603d8fa1f2fe
gallery/local-test/05d6084e-5a70-4ace-80c7-82000e02509f.jpg,269859,2026-07-18T17:38:27+00:00,e1c88e7872440d18a62ce8a0d994aa1b
gallery/local-test/0c6ae96a-7ba0-4df1-bc42-c912f0ece0b6.jpg,86144,2026-07-17T21:34:53+00:00,b09ac896ff5fe512cf74502f91f59b0f
gallery/local-test/0d9292ac-1896-4a12-bdb0-46e25ed89b0f.jpg,333086,2026-07-21T20:57:09+00:00,130449120b04c02d5911e3d0a6e131c5
gallery/local-test/1fac86f6-d1ab-463d-a483-2d4d93f3a2d9.jpg,111817,2026-07-17T09:18:22+00:00,38025c468ee8fadcc99a8f9d1e999fee
gallery/local-test/2511d230-6108-486e-85ab-988d089e5187.jpg,106057,2026-07-17T09:29:03+00:00,c6ec45413b4c871ff20d322f916e22a7
gallery/local-test/26badb57-dac3-4b01-b469-e9708893ee5e.jpg,107150,2026-07-17T09:16:22+00:00,feca9e235b62822f4d6701d3312fda6c
gallery/local-test/2b108e1c-3079-4c49-a9ce-f70ec97eb18f.jpg,312212,2026-07-21T21:17:51+00:00,fff231b3676e2f3e51d34fb7c003c1d7
gallery/local-test/2bcea47c-d3c1-40b5-a363-51ba5d03c2b0.jpg,155031,2026-07-15T21:49:14+00:00,7f1648e187302442acd6696a26177084
gallery/local-test/2cb299c5-c243-4aba-8506-fabcc45ad947.jpg,105443,2026-07-17T09:29:28+00:00,b5cc38aa5e896b6f4d453a40babc3c2b
gallery/local-test/2fad4c9b-a32b-4160-8230-8bf02057df3f.jpg,109930,2026-07-17T09:19:30+00:00,be6208c956468e52f79144219871910c
gallery/local-test/30d31476-1ec4-407b-a9f7-9fb76dcac6ec.jpg,103757,2026-07-17T09:29:59+00:00,258aab7232ba26edd6924cc0155876f1
gallery/local-test/36728f8d-5c52-4e07-8bcc-b62884069115.jpg,342871,2026-07-18T17:33:41+00:00,042ac76be0424f35d28932f84c655341
gallery/local-test/3a597c25-0fef-4954-afb7-9317153b9157.jpg,92558,2026-07-17T17:07:39+00:00,ca00edbc12c74177c9523f1619248071
gallery/local-test/3e612697-de89-4bd7-8ecf-e3e7c1e3a0da.jpg,16227,2026-07-15T17:43:17+00:00,17e11c5365d84ecdcdb637087c9a3227
gallery/local-test/45cf8e85-cbd3-4218-9227-ae16eda607ac.jpg,289185,2026-07-21T21:46:09+00:00,b074b7fdd77c31e3176019e6e71bc285
gallery/local-test/49418276-cc31-4a19-ae22-3dc960d60d70.jpg,15985,2026-07-15T17:31:01+00:00,0087d69bc5ba4f801f7ee9da30834a62
gallery/local-test/4dedd276-2ba1-416f-81d7-f28421416077.jpg,108818,2026-07-17T09:17:39+00:00,f7f55cd44e68e7fb71a878018c346164
gallery/local-test/4e6e8330-4fce-4ac2-9e4d-ffb17a170e7a.jpg,252631,2026-07-18T17:37:29+00:00,efde58e9b675f9b115ce040107d863fa
gallery/local-test/4edf9103-f607-4d0b-9a3f-2d47cfe41539.jpg,104952,2026-07-18T16:37:20+00:00,889883dca103cfbe9ed40cd4cf0c149a
gallery/local-test/56921e6b-e132-458f-bdd8-8d4760c582b7.jpg,214577,2026-07-18T16:59:54+00:00,dc0d34c42eed0aba8d29c9f3e87014b4
gallery/local-test/577efc2a-c968-4712-946e-0a4aab3da4f4.jpg,148042,2026-07-15T21:43:22+00:00,8471d005b291c26e142d6230674ce516
gallery/local-test/5eb3f7f7-9b7f-452b-bd2b-67c15775f7be.jpg,89624,2026-07-17T17:06:52+00:00,26a02f2819fdd91a8f717af3c3602893
gallery/local-test/5f09755f-b8b6-4a18-bb9f-9333d4246f43.jpg,103071,2026-07-17T09:11:11+00:00,10261455f97b40e38d8a757259940ad2
gallery/local-test/644734de-9266-4dcf-bc43-e51b1f7a5515.jpg,15892,2026-07-15T17:44:19+00:00,f8238293621619c3b0a333a7e8433748
gallery/local-test/6d2e1c88-5605-42ac-a36c-0750d1e10e54.jpg,10963,2026-07-15T21:25:07+00:00,812231f4871551ba158c38f0b9b9a598
gallery/local-test/7787e932-409c-4e0b-ad3f-911873822d93.jpg,107978,2026-07-17T09:07:39+00:00,7084db73b3ccc1ae464fae754df4024d
gallery/local-test/78f82e3e-f08a-43b0-a13b-ea25776b78af.jpg,264877,2026-07-18T17:50:44+00:00,1bf6b9524524cd22d1668b8db2b44b37
gallery/local-test/89bd6118-905b-42c9-85db-b3f24e6e1daa.jpg,10963,2026-07-15T18:37:59+00:00,812231f4871551ba158c38f0b9b9a598
gallery/local-test/8b419d06-5976-48c6-947a-017145c8a79a.jpg,105152,2026-07-17T09:10:27+00:00,a9bd4163ee2375efc96edbf7cb46794f
gallery/local-test/8d8b02cf-88aa-4441-9367-d9512ab64a58.jpg,126514,2026-07-15T21:41:07+00:00,23a10727d3fde3495cbc18f5dd6a8cf3
gallery/local-test/8e259c99-ae13-42cd-b520-52fbb797eddb.jpg,230916,2026-07-18T17:11:09+00:00,3ff046d220e0a953a773ea07ef6bf716
gallery/local-test/8f396ba0-1c41-4695-aa6b-9438a86f951f.jpg,114112,2026-07-17T21:41:10+00:00,54883b64ea36e64d0ecb4286d699eb3f
gallery/local-test/8fda22ec-dc5a-484c-84a7-1bac3d777a3e.jpg,211907,2026-07-18T17:11:29+00:00,5e0946485cef8ed140be959b6826ab31
gallery/local-test/960af06e-503b-4e2d-b0ad-ede0d6b651c2.jpg,244470,2026-07-18T17:11:53+00:00,a5a93200d98c2d65ad2ea9bb0af6fbc7
gallery/local-test/99371ceb-9d2c-4a58-8dd8-2b2d5e0ada2d.jpg,236019,2026-07-18T17:13:49+00:00,8570c332833eb0dbae219c5ec9b67b96
gallery/local-test/9b01fa64-5091-43ea-b948-19df5c235200.jpg,10963,2026-07-15T21:21:37+00:00,812231f4871551ba158c38f0b9b9a598
gallery/local-test/9eb28d27-2652-4587-9be9-64c71917bbc8.jpg,16025,2026-07-15T17:38:36+00:00,1a6bd6366cac363d7528b3dcc8a3a123
gallery/local-test/a279ab1d-bd06-4f7e-8baa-ee437f76905b.jpg,110223,2026-07-17T09:20:28+00:00,472aba399fc45eab8d17527f606cbbb4
gallery/local-test/a76c3174-2e6f-4db5-a220-fe9e2e4bcd90.jpg,245348,2026-07-18T17:38:06+00:00,4a0a2f903fcb61f0b4cc2eec47202aed
gallery/local-test/aa92e7b1-8e81-4c66-a7b6-2a8316a3a0e6.jpg,309365,2026-07-21T20:57:46+00:00,6d8e0a8b83beef91ab8f7423a2abf350
gallery/local-test/ad5cd06b-faa3-4486-89f0-8e3150c58b95.jpg,73344,2026-07-17T21:38:35+00:00,a6557ce5aa625a8e605169a8e8fa3041
gallery/local-test/b6eb9493-13c5-4b29-81b2-e2de0b9b5a35.jpg,94758,2026-07-17T16:59:45+00:00,efb02a676d6ea577b5aa62c093c06d62
gallery/local-test/c2a42472-d2f7-4b5b-bcb5-20b606419b10.jpg,262598,2026-07-18T16:40:35+00:00,c310ae52643aafc850aeb4d2ee524e31
gallery/local-test/ca9f23ef-06fc-411c-b388-3a4acb79988d.jpg,122119,2026-07-15T21:38:18+00:00,cfd0836a4d3e1d9de1bc2fd3abee4d4f
gallery/local-test/d5d26c40-0fd7-4b95-8fac-64476b0338a2.jpg,112560,2026-07-17T16:59:03+00:00,32bc86f762dc4b9a8998fb42d95b9e1e
gallery/local-test/dbc63618-55ca-48f7-b2af-4c519f464f20.jpg,106621,2026-07-17T09:11:38+00:00,64dd7907903cf943a36e5e3d20295a30
gallery/local-test/e0348be2-25fb-44ed-9c77-88e8364ce4cd.jpg,101226,2026-07-18T16:36:32+00:00,aa55c78dc501fd750fa203ff59b29897
gallery/local-test/e4c9192a-3616-41f4-9d3a-02d71a0c21dc.jpg,258868,2026-07-18T16:59:33+00:00,afacbd1bb5d7ac75b04c370526270a69
gallery/local-test/e9ff1726-0526-4935-922a-03c39d457f2d.jpg,64810,2026-07-17T17:05:15+00:00,62b2b3937155d16c41cffbac6bc30f57
gallery/local-test/f4da9b37-8904-417d-8f18-59e3aa160a34.jpg,119602,2026-07-15T21:35:44+00:00,d8e0480d967d26a741cd0d8dc56f4482
gallery/local-test/f5e201f7-a6d2-4f19-8ff1-abec51d08a37.jpg,328612,2026-07-18T17:00:32+00:00,66a8fe12318858f958b86bc73648fcca
gallery/local-test/f914d735-4e64-46b1-9a01-68c7561ad329.jpg,105229,2026-07-18T16:37:00+00:00,97f2491f21a61daa7de5075b5567df86
gallery/local-test/fda7288b-71ad-49ed-be8f-74483ea8adf8.jpg,50886,2026-07-17T16:54:27+00:00,176408ac1a1d5976773dec692b6d0883
gallery/local-test/fe1af54d-4cc0-4781-8ec1-cd1b39868f95.jpg,333347,2026-07-21T21:45:45+00:00,7840c72eeedd9e105f851545333b2163
strips/default/0e0b8c2d-55fa-4be8-9035-a1760ac000e2.jpg,64961,2026-07-21T18:36:11+00:00,702bdb8d8e33a4cfed5919c2ec654159
strips/default/0e7e641d-92b5-46e8-87cc-539a867e7fba.jpg,90752,2026-07-22T19:41:08+00:00,c58ad848ed9f9560709e91ef4b10972e
strips/default/0e84fa30-c5d1-43a4-bb56-f477c1376bef.jpg,95695,2026-07-21T22:33:34+00:00,e37e6fc7ce7e5fc1875d45a33640004c
strips/default/0f963fd7-7fd2-4ab7-bd97-dabc2250712b.jpg,109264,2026-07-21T20:48:17+00:00,1d53806358bf1e1949b63d7a963ab90e
strips/default/125acd3b-b122-4409-86e7-510487b9f652.jpg,79945,2026-07-22T16:47:39+00:00,2d3283cf15022244d3e99cfeecc01770
strips/default/12bcae41-3e01-41de-877c-00792397edbe.jpg,86283,2026-07-15T18:19:00+00:00,4971f4e9cdfb12768f6c2e38704efbbf
strips/default/185711d7-483d-4bfb-b0b7-3cf84d98e031.jpg,91120,2026-07-17T18:00:22+00:00,68dbd21bcee9cd3d03f8eb13a6b1cd53
strips/default/1d3094ff-3282-4a19-9a95-eb734c7fd6b5.jpg,81254,2026-07-17T18:11:33+00:00,068435273162fa5d745488165d6f0735
strips/default/1d8cb10a-bd4b-4253-b6d1-a1bd7dc8e780.jpg,69431,2026-07-15T18:17:22+00:00,1b439be4ab75be5ecc52d416af5e4748
strips/default/22da8c00-df1a-40fc-83b1-312df1ed99e7.jpg,139886,2026-07-17T18:25:57+00:00,e4f879bf8a883f4503e015b2d21b92c9
strips/default/22e1d2a7-ba36-4a8d-9601-9fa63c6c997a.jpg,62671,2026-07-27T18:32:59+00:00,5f6508645b28e73548d85bf64fbc62c9
strips/default/240c8e7a-cafe-439c-a087-93c798db62bc.jpg,112296,2026-07-21T22:45:31+00:00,b8be6e5ee44db1e53dd8c9b96346130a
strips/default/26f174ba-fc8a-4a2e-9cd8-559ae00163c1.jpg,430821,2026-08-03T20:23:27+00:00,193e13a4049d03537c38672f3ada79a9
strips/default/28f67714-86e9-4416-84c8-723f05fcf289.jpg,404700,2026-08-03T19:44:50+00:00,fca2dc31e67385b766a2907012dc1193
strips/default/2dbd608c-5d55-4890-a337-6c94063ff92c.jpg,131798,2026-07-17T17:06:53+00:00,dd15ef7adef8f3d2c0b292b3ad340249
strips/default/2e318262-ab6c-4cea-855b-04f8675c01b8.jpg,93960,2026-07-21T20:41:12+00:00,c2c0949bdaeced9def6bcc2ab62e91a3
strips/default/2e899aa9-5698-4e81-8b69-d088b3d5f19d.jpg,86648,2026-07-22T19:36:15+00:00,ab2d54740ade8856fadd8c5c1e229f20
strips/default/31b60a16-8e7c-4138-8e1a-5ec43c314bf8.jpg,71447,2026-07-22T19:22:23+00:00,06a0e59cd4b951716a89980d68e40630
strips/default/31ef2de5-58ce-48a5-846d-6f0b557c48f5.jpg,78634,2026-07-21T18:51:43+00:00,8fdcf2c48b7d15a8d7bf0669e5291654
strips/default/36bada65-3811-428c-a48c-bf1e1a9b2cce.jpg,40448,2026-07-15T18:21:01+00:00,551b977463c595b58abc0a485d653d15
strips/default/3cfb595f-173b-4ac9-8af7-bc9adf0c69d9.jpg,79216,2026-07-22T20:13:35+00:00,673a417dacc6256e2c9bdffc8f2d36a6
strips/default/3eaa673d-9a09-4760-9740-1007f904ffd4.jpg,401975,2026-08-03T20:23:44+00:00,ed81bc2b0f89c0f18ffe24d6258dab73
strips/default/408bb9b6-2e42-46a6-9586-46b170b46cb6.jpg,479512,2026-07-30T18:22:10+00:00,c39e5ae87bb68d3e89c36595212b2bb1
strips/default/40c94c54-abaf-4ec9-809d-526ae74d0981.jpg,485856,2026-07-30T18:14:53+00:00,77a9ce8f89e7b9fb3873da4bfa573bde
strips/default/4441411a-c964-4657-806b-3a08fd267612.jpg,141797,2026-07-17T18:20:51+00:00,b29a8be149c3c20defa0c974dd6e1845
strips/default/45b75aaa-8576-4881-b6e0-d2bdc140f031.jpg,133006,2026-07-17T16:39:56+00:00,33ad8b08835f155abaa3d0c0b183f66b
strips/default/4a6f1510-b9c5-4d0e-b340-3b0f3be44001.jpg,122243,2026-07-17T17:12:49+00:00,318f22f130c0f63a1a386faa0fc85bee
strips/default/4f4eefa7-0e91-4db9-8dc8-e993a90cfd29.jpg,74559,2026-07-21T20:39:24+00:00,d0eaa80d19e5e8ffe7f9788ac9bf7c49
strips/default/527cbedf-625a-490c-8e10-a56c9624872d.jpg,79246,2026-07-21T18:50:50+00:00,e162c09ea3baafeabe89df5e13a9b699
strips/default/566b4d4f-37cf-41c8-93e9-c2e2f8f0a47f.jpg,134425,2026-07-17T21:51:40+00:00,e1acaaf2aa75d2dcc7ddbe71d165ad09
strips/default/591f23ec-5a6a-48ae-9b75-be44f22e07f5.jpg,135984,2026-07-21T18:46:54+00:00,b46b0b7c093015dfd4d9ac01f4115210
strips/default/5b356b0f-17f5-4e79-b827-d5d785903c78.jpg,143566,2026-07-17T18:29:53+00:00,34098872dcd3efebddb0561003fbfc61
strips/default/5b8e9805-3cf7-498a-a045-3fe66fde5ced.jpg,97350,2026-07-15T18:32:32+00:00,8984987f6f8cbb6230b1ad94903e66d6
strips/default/6147d0e7-db91-4972-8c7b-79d6695470ea.jpg,126747,2026-07-17T17:52:13+00:00,e77aebb471ad4e197f6664b936d38f61
strips/default/6e21089e-ac25-4888-8d6a-ce256465c4f4.jpg,117078,2026-07-17T17:49:35+00:00,16568a344a7e97bc7810c53f84abd6e9
strips/default/6e2219db-a72e-4ef1-814e-ea16ed84249b.jpg,106799,2026-07-17T17:32:37+00:00,daaa395cb34a11aa15b556f1f51af069
strips/default/6fd788c4-4302-47f9-bbf4-d3e78cf42dfa.jpg,112801,2026-07-17T17:47:00+00:00,c3f7a5bf64e7363520df59e9467aa4e0
strips/default/704eb18b-4f44-4522-85e8-5b828bb3097d.jpg,92309,2026-07-21T19:03:24+00:00,34e26ef3fd5e7a1a4c504d9a124982aa
strips/default/73ecc054-376e-4973-b06d-89ad74335873.jpg,138259,2026-07-17T21:38:19+00:00,7e69e87faa562cb16e15126ecac47a7a
strips/default/76eefd76-2c03-4251-8f3c-72b5c367d3f1.jpg,136757,2026-07-17T17:08:23+00:00,26927dcd8b84709bdf8b96ee7671f203
strips/default/7ae35f41-ab20-41cf-bb89-229d6d395e3e.jpg,74310,2026-07-22T20:06:54+00:00,ed90f680355cf38af58a906104f0264e
strips/default/7b4f6b24-0dc2-46a5-9832-c2f0b5b5fa51.jpg,100136,2026-07-21T20:47:54+00:00,06e92394c5f3f4fea46aba43a5f3b468
strips/default/7c46d3dd-8397-40d4-b67b-c78a09ef87eb.jpg,418087,2026-07-30T15:12:13+00:00,d604fa3fb41f328841e7f1ba8dbe5c87
strips/default/8127aa77-73d0-4242-8828-eca0affb4684.jpg,461807,2026-07-30T15:21:12+00:00,b0e73e3877a0115d82e78583275c4034
strips/default/83efb689-47f8-4672-b911-50ed222790d0.jpg,79633,2026-07-21T19:17:36+00:00,cb8745bff5a988e33df3a54376dbff3b
strips/default/86d31b7d-60fa-4d7b-8790-57ae25f57cbd.jpg,418178,2026-08-03T20:00:12+00:00,4ebe4160c83d97c6c659a982a124e371
strips/default/86fc7caf-e014-4ee5-929c-fec192f7564f.jpg,382137,2026-08-03T19:13:22+00:00,d43969dd91c5879d7bfd8f6bea4c4f16
strips/default/874c92a1-cbde-4bdf-b359-2ace527fe9b1.jpg,66272,2026-07-21T18:39:34+00:00,ec9b86056e07bdeaec5f9c51ec588434
strips/default/87ce5f58-aed3-47a5-85f3-127ccc031666.jpg,95078,2026-07-22T19:25:05+00:00,165335b163ec707a6afda467613b3112
strips/default/8868cdd0-4058-45a6-af6e-53ab42e8a687.jpg,127881,2026-07-17T21:50:53+00:00,b3282f2bcffd45f54c6191a502da2c9f
strips/default/8cda43c7-16f4-476c-8e36-3b81188fce65.jpg,82565,2026-07-21T22:36:06+00:00,0b623a06d7efe2130feb588323f0d76c
strips/default/8e7e6174-e00b-46b1-b3ad-7c915b815585.jpg,82990,2026-07-22T20:33:13+00:00,9272746e91d383eb2a761bfbd7307ec5
strips/default/921b5982-3f52-4973-b453-eda820f62ebe.jpg,83401,2026-07-22T19:32:06+00:00,041bb9d355242069864a4d8a061bf3bc
strips/default/922130e4-1d80-49f3-ad6c-6c022f792d7a.jpg,74330,2026-07-22T16:49:58+00:00,38619a977b39f60b2f9005f132e5d69d
strips/default/9923711c-0ccc-4ae3-bcf4-5b130c810da0.jpg,112519,2026-07-17T17:59:12+00:00,ac0b3fc3b3ed0804e8d865e52869864b
strips/default/9a82b1db-6a2e-495f-8b8d-dfef7de6a5c0.jpg,67296,2026-07-21T18:40:26+00:00,7d9511cd06fbecdcf5a73aed1bc0429f
strips/default/9bdf9b85-6d1c-4867-9a4d-d026bd2403da.jpg,140469,2026-07-17T18:29:10+00:00,5ea8dace6deaedb44f66415c74dddb8b
strips/default/9cc9e811-4c80-4832-b892-c1c1f2b85366.jpg,131296,2026-07-17T21:33:03+00:00,482e8d7b4d9acbfdc61886e1d1282125
strips/default/9ccca714-a1d6-4288-89d0-9ebae68d30e1.jpg,467655,2026-07-30T18:26:37+00:00,d3246a016579467685fb612e693b2d45
strips/default/9e70f581-3d78-4341-931d-a558326b6e6f.jpg,132033,2026-07-17T18:17:42+00:00,ec30c23faa390eeffe460930a0542be9
strips/default/a4da9821-ccf2-4586-8af0-a903b3d0e4d3.jpg,64548,2026-07-15T18:22:16+00:00,569a3e127e5f97111326deab59b7ce91
strips/default/a58371c0-766c-4011-9128-c830ad204b47.jpg,134377,2026-07-17T16:41:19+00:00,27a38caef3b6f013c7afc314b15442eb
strips/default/a5edbd6d-2d13-4556-8426-3f6128e77ab4.jpg,136847,2026-07-17T18:35:11+00:00,d91734058cc243c5d90d8f0c71e75f57
strips/default/a7c48496-de78-4900-bc86-6013d2d671ba.jpg,489092,2026-07-28T19:22:25+00:00,af8a10312209ccd77219fcaf0e9cbeb3
strips/default/ab0dd9e2-b149-4b5d-960a-9a7202dbeb3d.jpg,115541,2026-07-17T17:53:21+00:00,8b3752bf0611be7eff542a5e683a9a27
strips/default/ac5dd448-5d6d-412b-8afa-aec7229e52d7.jpg,409157,2026-08-03T20:23:10+00:00,2e31813fe09c24f1c8add3b886a770a7
strips/default/adb08e70-eea1-44c3-874f-0fd13bfb7da4.jpg,380533,2026-08-03T19:22:52+00:00,9193942b1372ab8907e928f93db7a057
strips/default/b181a548-149b-411c-be08-8758cb971b15.jpg,129655,2026-07-17T18:44:10+00:00,f32f26710091167a07d2933ce7f29bee
strips/default/b707da10-6e98-489a-8f24-431a129ccf08.jpg,56177,2026-07-27T17:55:49+00:00,32c924a880ed3aca35b93beefc69d454
strips/default/be0134c6-d51f-477d-9fde-171c88022a25.jpg,384397,2026-08-03T19:24:41+00:00,25010c2c21d842670e0ae7075e0cb74d
strips/default/be8e09ce-ac3f-4674-b981-6c22acee7ff8.jpg,85975,2026-07-17T18:13:55+00:00,0586b315e5622b122b1a789342b7375b
strips/default/c1ad8b58-80cb-4ac4-bd79-3748faa1dfea.jpg,74874,2026-07-22T20:29:41+00:00,a20753a47ac2910d496af91f2ff98277
strips/default/c3e0ac97-9e7b-4b8b-bfcf-eda4fd7858c2.jpg,92891,2026-07-18T16:38:31+00:00,6a7e70cdbc6f1b0fba8dd4b1e3961beb
strips/default/c4ddfca4-3d27-4b11-a706-e5ba0ca54529.jpg,120699,2026-07-17T17:13:19+00:00,27d0b9b88ac67513d55426b294cb8d37
strips/default/c5aedc52-24d6-469e-a5a9-b146a28e4a92.jpg,75786,2026-07-22T20:32:31+00:00,bccafa384c298704a78e085d99aaa507
strips/default/cc9de5c7-8806-4717-b96e-9c6fd66e0684.jpg,405387,2026-08-03T19:43:08+00:00,9f9f954e519330ebded173df57588cf7
strips/default/cdda211c-77f0-4e10-b02c-54ef7a5f5f1c.jpg,69421,2026-07-27T18:02:35+00:00,8d6b3690c514bb488dbb0febe7eba3f6
strips/default/cf2bc3d2-3155-423c-8cb2-131e842f7d6f.jpg,137710,2026-07-17T21:35:23+00:00,34034dec1ac02c35b8645a039e5d8548
strips/default/d05c6457-f19d-417e-8801-ce30c1d1f25a.jpg,121483,2026-07-17T17:19:21+00:00,5ecbc510867f0c0f12a150934a70494f
strips/default/d4bc9a44-ac1d-4657-a1ad-a438468b4375.jpg,133956,2026-07-21T22:45:58+00:00,32559355367af51ef329753b2977255b
strips/default/dd8942bb-a636-46d1-8943-fff0c0c3067a.jpg,55807,2026-07-15T18:20:34+00:00,ea1a9374a6db9a0d7f8511fad390f0e1
strips/default/e2e-centercrop-test.jpg,61357,2026-07-15T17:02:06+00:00,7ba7833013f4834781fb05b30f85c3af
strips/default/e54caed9-33d6-4ad4-ae38-ebe6974bd638.jpg,100757,2026-07-21T18:52:56+00:00,9c9e5c10c2fcc7b38ea2fe2621c9650c
strips/default/e7463eae-59f7-4692-a4eb-a36dad428826.jpg,67650,2026-07-27T18:12:54+00:00,941af4fb84add2feda213620d4ac72a5
strips/default/ecc1f0a8-38f8-4c66-adba-f7362718691c.jpg,80345,2026-07-17T18:07:43+00:00,bfaf97e34d31c1fc80bda02e8ad682ea
strips/default/ed51ce98-215a-4cbb-8e65-2f2819db8379.jpg,90536,2026-07-21T20:47:28+00:00,f7aa959964c1e5dade9ed7155eea8828
strips/default/eefbb709-cc95-40c4-a60f-29416cedbd85.jpg,124155,2026-07-17T17:18:17+00:00,4ba7a4df4d1eef6841756942c2f4a8d7
strips/default/ef1cd86d-3113-4051-8dea-d559959f6551.jpg,125801,2026-07-17T21:33:53+00:00,27452890ff87430cdca36446ac7f675a
strips/default/f35f164d-39ea-4d45-97fc-4fc6332dbb80.jpg,469502,2026-07-28T19:20:54+00:00,f03cddbdb7196f8a68a873846116e1ef
strips/default/f6584529-3741-403f-9905-1d022a36aff3.jpg,466082,2026-07-30T18:12:55+00:00,ca89ebec1a40697057a33b2b1ce969db
strips/default/f67aa59a-a208-48a5-930b-b66bf7bd15cf.jpg,137807,2026-07-17T21:41:14+00:00,900d3d351b9582a7b9d7b55b17d51227
strips/default/f6c8a1ef-d7f2-4840-952c-7905fd11d962.jpg,102079,2026-07-17T17:41:43+00:00,6956ce3fc4c47c40c51c2983b49edf76
strips/default/fd2b9a8f-7d52-4104-bfe5-3169db9d16d7.jpg,125473,2026-07-17T21:31:43+00:00,d7d3e5c841b788d3906bb225c1e7c9fc
strips/default/fdb022c7-405c-4626-b2d2-8199ca45d717.jpg,98023,2026-07-21T22:44:11+00:00,8cbe2a8727e9a27fe18b7565c58abde0
strips/default/ffadccea-ecb5-4428-8e23-c43616837077.jpg,94589,2026-07-21T19:37:21+00:00,0f18b892c8198c92361cd3331ad3d37a
strips/local-test/036494ba-79ac-4191-bef9-d61b0ceac853.jpg,519856,2026-07-18T17:11:29+00:00,32e78bbc35eb3d7b7bd347d55c4af3bb
strips/local-test/03d5c149-ec82-4bf3-a4d2-f087291fb776.jpg,372988,2026-07-17T17:05:15+00:00,5594854f6f90c8bcbbea23a744a892cf
strips/local-test/0bef1e04-8a5b-47ee-b18e-8defd7183afb.jpg,79081,2026-07-15T21:21:36+00:00,2b72206a5e420d15bda6dda86fda0739
strips/local-test/137a7a09-9b2a-4588-803c-14c189e85e7e.jpg,712305,2026-07-18T17:00:32+00:00,4566c5bae2c661a2b81ef00e961d741b
strips/local-test/14888982-5998-41de-84db-b0fc1092f197.jpg,57218,2026-07-15T18:57:38+00:00,e4474c3bfc3d037d80e48a9d15343e0e
strips/local-test/1e18b172-6e3f-4bbd-aa16-e0acd75bc3db.jpg,597778,2026-07-18T16:41:38+00:00,f1d06b25b4a4ac3028c97c50539f3962
strips/local-test/22453b11-0bb0-41dc-b9bd-8e630c0abdb5.jpg,516117,2026-07-17T09:07:38+00:00,c538bb7d72f813dba1091b4ac028f7ff
strips/local-test/245b4b9c-7b1b-4843-a6bc-e02d911cff92.jpg,556343,2026-07-21T21:46:09+00:00,52e13aaaa47401ce9ffde838ae5b3113
strips/local-test/25a0f229-a072-4d7b-81cf-705d28a0c7f4.jpg,665843,2026-07-15T21:41:06+00:00,c22174d7c151d47b612e88a1e0ab6208
strips/local-test/261ce4aa-6cc7-4c91-813d-c9b0fe35b0a1.jpg,509553,2026-07-17T09:11:11+00:00,b978e244fa015af2cd023ddb18331a95
strips/local-test/27060894-e4ab-41df-b6d0-6ea1a0e3be89.jpg,509463,2026-07-17T09:29:59+00:00,ace5f7310a95daf761e1bfdd92630941
strips/local-test/289055c4-de22-4031-aa89-cc295d886a6a.jpg,69545,2026-07-15T17:38:36+00:00,2410262ec012ad07bf5bda8406249287
strips/local-test/2949c18f-6064-44cf-aef0-1d1b3b7a2c31.jpg,588514,2026-07-21T21:45:45+00:00,d19a34fbe525a9af121264969e5569f7
strips/local-test/30e8ea00-1e0a-46cb-ac7c-b17af839f9a6.jpg,458727,2026-07-17T16:59:44+00:00,767c385807df0a59e9caa4ba388fd2cd
strips/local-test/38124d77-5d5c-4d7c-a69d-e79bd92d5c0d.jpg,556112,2026-07-17T09:20:27+00:00,0cd3a3d04e32b83c8db96e81734458a2
strips/local-test/3c514679-e0b6-4868-b22e-9d5caaf2c463.jpg,488283,2026-07-17T16:59:02+00:00,552cf003ed5a9040e85a004b10b0d5c7
strips/local-test/3c835bf0-9e16-4d05-b330-b5d30283c1ed.jpg,558710,2026-07-17T09:19:53+00:00,9cf82563c89fedf097ead9c2805049cd
strips/local-test/40d43751-9e5c-49b2-9c05-2cae0e808562.jpg,509966,2026-07-18T17:31:50+00:00,d5d64dea38831b49f6501ac1834d22fc
strips/local-test/41be318f-fe87-4f14-923e-0c0e9136c0dd.jpg,587771,2026-07-18T16:37:00+00:00,310f7959a77ca71a04b9406b87f52373
strips/local-test/47e48707-5b8e-4b1b-bcfd-062d3f0cee9c.jpg,617307,2026-07-18T16:40:35+00:00,cc2ac4907b5094e581208a396a040d0a
strips/local-test/4e9a5e9c-3a63-4ee3-96a2-c4c7b5d21ca5.jpg,634058,2026-07-18T16:37:20+00:00,243d1e9c8dc8a13e08461412c8c9610f
strips/local-test/51788613-2137-4102-9b46-f7ce5068fef6.jpg,534687,2026-07-17T09:11:37+00:00,6d9ebe10972e8db5a3273445f19537d8
strips/local-test/560548d6-5e67-4750-a12a-0ac2f815576f.jpg,543023,2026-07-17T09:19:29+00:00,09710405241f7307626733433e9a27f5
strips/local-test/56e7d706-1354-4d8a-855f-6f7384e77a86.jpg,508696,2026-07-17T09:29:27+00:00,5ded2f0420281657e72048b725a2d7a1
strips/local-test/58cda1ed-4ef6-4d3f-843d-3a83f834e81c.jpg,415309,2026-07-17T17:06:51+00:00,4ff0e7dffe8067dd11ecb99ab4f18f37
strips/local-test/5a97ba67-d065-48e8-ab43-00fd1c05af84.jpg,673028,2026-07-15T21:38:18+00:00,f0f08d29e640f51f9ee1a8d88bbcb415
strips/local-test/5fc276b9-f6c3-459f-947b-f14a7bd3dde5.jpg,555803,2026-07-18T17:13:49+00:00,0c1308f5ea9f4583912141959e8d5849
strips/local-test/64551b8e-0f2d-4371-b2f4-1e4898386638.jpg,360930,2026-07-17T16:54:26+00:00,91f53c1ed860c0e0e12d637345d0400c
strips/local-test/65485181-3bbc-4531-82c4-96583e3463a5.jpg,570696,2026-07-18T17:11:52+00:00,b74b8a076ac1b5c202204fb9ce3b0713
strips/local-test/6a903f4a-800d-48de-885a-7360742748ae.jpg,591341,2026-07-18T16:59:33+00:00,f46eb41c23c82e1d773909a4e9496269
strips/local-test/80bdfb43-095f-4e8b-a691-70002e7c87e5.jpg,581510,2026-07-18T17:37:29+00:00,5a5bf1ff3fa9d248602c75cc28ed4f4a
strips/local-test/86f896e3-d8ae-41e8-86c1-6022c0841ed4.jpg,627638,2026-07-18T17:38:27+00:00,a8515a5af5b8b981d167661bb5fcda25
strips/local-test/89b41a03-200f-483b-a865-91590ed67e5b.jpg,57218,2026-07-15T18:37:58+00:00,e4474c3bfc3d037d80e48a9d15343e0e
strips/local-test/8fb65b42-a33a-44c2-a86c-5b0f843c88c8.jpg,57218,2026-07-15T19:04:49+00:00,e4474c3bfc3d037d80e48a9d15343e0e
strips/local-test/90bac722-5d65-4912-b365-08b332aeda16.jpg,451947,2026-07-15T21:32:42+00:00,73acde283273309c9592c08a5f8098e5
strips/local-test/9176000c-dcb3-4712-8638-91a6fafa08a2.jpg,635337,2026-07-15T21:35:43+00:00,3bbae3993857d4ed1616b40cf561493d
strips/local-test/978911ce-98a9-49bc-8b90-f51af07206b5.jpg,57218,2026-07-15T18:58:37+00:00,e4474c3bfc3d037d80e48a9d15343e0e
strips/local-test/99f6887d-d15e-48d1-9271-edeedad3c8a9.jpg,480369,2026-07-17T21:34:53+00:00,9e3c3eaaa5986cd924c51f82e01bef36
strips/local-test/a008b6b4-a890-4d94-a0be-d425f895f978.jpg,649043,2026-07-21T21:17:50+00:00,c487e4c021dbc1af7a0332522be2b28f
strips/local-test/a0d6b288-e18f-4a06-be72-a7af298411db.jpg,693027,2026-07-15T21:43:22+00:00,80be41943120f8f484461993695bddd3
strips/local-test/ab295f1f-7bb3-4342-958d-aa16bc0246b3.jpg,435852,2026-07-17T21:38:34+00:00,715934df377ec409bedca09a1abec2f1
strips/local-test/b201f8ec-3b1b-4df6-a18d-5add25e7ed1b.jpg,71971,2026-07-15T17:43:16+00:00,bc90f4307d4b5b8d3bf3873cc9f6e4e5
strips/local-test/b820c952-c686-4433-b8c0-15c90bcc8b6f.jpg,552093,2026-07-17T09:18:22+00:00,abeb0d96b0c250a77f4cbeb2442370d3
strips/local-test/b99f2222-3c6e-4206-8936-d0c2d1ca2c3c.jpg,631883,2026-07-18T16:41:05+00:00,cbcbd708c2782eaeeb0d4f880177d800
strips/local-test/ba7432f1-f913-4edd-80fc-36c0d25e95dc.jpg,535778,2026-07-17T09:16:21+00:00,722105f151524114a847319a0f285a3d
strips/local-test/baeae305-ac17-41dd-8874-b25ca0771bc9.jpg,669723,2026-07-18T17:33:41+00:00,a7e614271af5bac798a58a52171314a0
strips/local-test/bbe18d16-2908-4d7e-9ef8-eacc36b67201.jpg,554193,2026-07-18T17:11:09+00:00,48bf5344290b3ad95f2de5b0dddeb3ad
strips/local-test/be0a9ec5-517c-47f0-9090-edab95aa3bf7.jpg,736193,2026-07-15T21:49:13+00:00,ef0fbd1838bffb896f17eaa28a18148b
strips/local-test/c5bf88ff-3ecd-4688-aecc-ffae5d976a2e.jpg,659104,2026-07-21T20:57:46+00:00,ec5c680b1f4d88c9e8707f7b67cacccd
strips/local-test/ca993f9c-bdf8-4a29-b9da-712de9a9b145.jpg,69899,2026-07-15T17:31:00+00:00,331b4234835a55f835b106a5793f26b8
strips/local-test/d041903f-6345-47e3-ac81-6cdb9227886b.jpg,70305,2026-07-15T17:44:19+00:00,69e339fa6e2c18d48d53a2508ef145f8
strips/local-test/d24e174b-3851-4107-aa42-1c781d018d08.jpg,697838,2026-07-21T20:57:09+00:00,cfe36fe5a25b33ed8a807d90aa429681
strips/local-test/d36866f2-05e4-4156-b886-85f3c7a2fa4a.jpg,575135,2026-07-18T16:36:32+00:00,bcc4c2a78e3e5332413b6506ee97b3c3
strips/local-test/d6784db3-4c0f-4d86-892d-2b426d1b2de9.jpg,586895,2026-07-18T17:38:06+00:00,da4314feb7c5f9d05ddc0518e7cabf30
strips/local-test/d71f556e-5e6c-4e6b-98fc-372fba07a656.jpg,628335,2026-07-18T17:50:44+00:00,ae40722d4d2e45aa2089d4173213af15
strips/local-test/dfde05ef-a5cc-463a-a12c-9deac8bc3f75.jpg,446667,2026-07-17T17:07:38+00:00,5101f6a4f58a2ef8defea40825833934
strips/local-test/e4c8dd76-ccb0-44c8-9d77-dddde8b50175.jpg,519061,2026-07-17T21:41:10+00:00,300cfdfaa3cfcb23f1d1f63d625e48d0
strips/local-test/e4fd4f05-8267-4c0b-adc0-adf6d31eb728.jpg,497606,2026-07-17T09:10:26+00:00,934ba6ef0a354832b5bdf8b017a781d1
strips/local-test/e512b0ab-0258-44fd-8664-ea255849fe6d.jpg,526179,2026-07-18T16:59:54+00:00,221d1cd0605cbb3a542c3b62517e2102
strips/local-test/ef3fa65f-e32b-41d7-a241-1a6bc11c29eb.jpg,79081,2026-07-15T21:25:07+00:00,2b72206a5e420d15bda6dda86fda0739
strips/local-test/f3f5e6db-2970-4436-abfe-686eeaff6ecf.jpg,548602,2026-07-17T09:17:38+00:00,ac1cd28859ccfa64393d011f9eb4cacc
strips/local-test/f84a5f7e-c1a4-49fa-a6e5-19babda6527d.jpg,510209,2026-07-17T09:29:03+00:00,2fda23b66d1c38d9b7db4d9686e30478
videos/0a1c12ed/cabine_1.mp4,4499990,2026-07-23T18:04:16+00:00,bde43a1f68c767dc8bd001a7d2425707
videos/0a1c12ed/cabine_2.mp4,7903084,2026-07-23T18:04:19+00:00,4fcbb94f56b60ef31625eb11204ed02c
videos/23b188b2/cabine_1.mp4,2937867,2026-07-23T19:19:30+00:00,ce0c5ff9e6d86a955e97674294bc6cdb
videos/23b188b2/cabine_2.mp4,1072967,2026-07-23T19:19:33+00:00,7b961dd451e41244ec261f393732521d
videos/26d75433/cabine_1.mp4,9028004,2026-07-23T21:10:12+00:00,e055906c39557734d289b69f8400cb19-2
videos/26d75433/cabine_2.mp4,10816962,2026-07-23T21:10:22+00:00,f4e27976d9d804924e688d89f32512b3-2
videos/39f73843/cabine_1.mp4,2636661,2026-07-23T18:51:45+00:00,6b6601e9c5317db45a88f65460566af3
videos/39f73843/cabine_2.mp4,2948817,2026-07-23T18:51:48+00:00,e1f688f7eb1a7cdad2681d7c988c555a
videos/46c30f22/cabine_1.mp4,6499445,2026-07-23T19:28:01+00:00,20433f7707fbc3e202a972620c41083b
videos/46c30f22/cabine_2.mp4,2984497,2026-07-23T19:28:05+00:00,d161c0a4476a7afa69aa924d95a54122
videos/4bf60753/cabine_1.mp4,5895893,2026-07-23T19:43:11+00:00,a597884e6d40330ce7ffb95382c15085
videos/4bf60753/cabine_2.mp4,4505124,2026-07-23T19:43:15+00:00,2d42ea0224a8b37c1eed4ccd086a0050
videos/76fc70b8/cabine_1.mp4,9068959,2026-07-23T20:58:02+00:00,3fc6a6e385ea49b56096fdd1116f5cf6-2
videos/76fc70b8/cabine_2.mp4,9219142,2026-07-23T20:58:06+00:00,837754c197eb65d92b2866852c6398c3-2
videos/7dd5df14/cabine_1.mp4,2368125,2026-07-21T19:56:49+00:00,07420bfd179dc58ea60c5193d30cec4b
videos/7f2e3fea/cabine_1.mp4,2826553,2026-07-23T18:18:49+00:00,55a9fb931c26065285d263c4c68eeb9d
videos/7f2e3fea/cabine_2.mp4,3778726,2026-07-23T18:18:52+00:00,f45e700e98fdfd034c6fa01ca10a8142
videos/858647d4/cabine_1.mp4,6561947,2026-07-23T19:25:27+00:00,91ea9f9896ea845af834e37f1e2f43ae
videos/858647d4/cabine_2.mp4,3056753,2026-07-23T19:25:31+00:00,56f1bf0f1ded4c4f7ec3760b97bbf0e0
videos/859641d4/cabine_1.mp4,2544824,2026-07-23T18:52:59+00:00,a0b366f7406996e99bc104f0abf669a7
videos/859641d4/cabine_2.mp4,2887390,2026-07-23T18:53:02+00:00,ca7972217abde7e31f81b5946a25e4d8
videos/8c1cd33e/cabine_1.mp4,9386879,2026-07-23T21:02:31+00:00,f7ff292ce758080f9a069104371c107b-2
videos/8c1cd33e/cabine_2.mp4,10034109,2026-07-23T21:02:37+00:00,6f0591438317a0d63993277ffad1dff6-2
videos/939a41a2/cabine_1.mp4,4343934,2026-07-23T19:26:43+00:00,d17a3c1f812b1b57cea03ec7114599f3
videos/939a41a2/cabine_2.mp4,1058929,2026-07-23T19:26:50+00:00,ab1678277578cef1e79ade268b1a192d
videos/95c40f18/cabine_1.mp4,3341429,2026-07-23T18:50:31+00:00,e2b117f5e9d239b9fe08ec2daa56784d
videos/95c40f18/cabine_2.mp4,3868522,2026-07-23T18:50:35+00:00,710caf91f0c56c85f957100b7717eaf1
videos/9a40f48f/cabine_1.mp4,3004668,2026-07-23T19:21:43+00:00,99397959152bbfe2259fd1f3ab143119
videos/9a40f48f/cabine_2.mp4,1164062,2026-07-23T19:21:46+00:00,6976267a0e9507c8680bf876b9f9d769
videos/a34ebc76/cabine_1.mp4,4068612,2026-07-23T19:16:33+00:00,1f9ee0cee11cdde74cd9545caeaf932d
videos/a34ebc76/cabine_2.mp4,3730413,2026-07-23T19:16:36+00:00,41a5c2d117aa927a60b47d19f0a679d9
videos/a8eba53d/cabine_1.mp4,5234670,2026-07-23T20:03:44+00:00,9a4ed284fd34e5fc8aef4d498eafa8ba
videos/a8eba53d/cabine_2.mp4,4309441,2026-07-23T20:03:47+00:00,14a2829ee48d5211b9e88fa90d1166fe
videos/a8f4a3d8/cabine_1.mp4,9710034,2026-07-23T19:23:59+00:00,d8209741a8adcaa3c725a3d0e4025b30-2
videos/a8f4a3d8/cabine_2.mp4,10169519,2026-07-23T19:24:04+00:00,27e2081fc0ce37995a362748b3c7a204-2
videos/b1053eb9/cabine_1.mp4,8573243,2026-07-23T19:34:05+00:00,f9081b2109a47c1df7d8bc9867780c42-2
videos/b1053eb9/cabine_2.mp4,7871955,2026-07-23T19:34:11+00:00,ac4f0f60772727c9ecd091a9a1ef8e87
videos/bf16d694/cabine_1.mp4,3355877,2026-07-23T19:36:43+00:00,0057d038ff241bf93e1cf2fdd1531608
videos/bf16d694/cabine_2.mp4,1110061,2026-07-23T19:36:46+00:00,30635ce07851806205aa4119025da294
videos/ca6e9946/cabine_1.mp4,4071594,2026-07-23T19:18:11+00:00,5eed4ec29b21775ebc038af76412d3f3
videos/ca6e9946/cabine_2.mp4,4212511,2026-07-23T19:18:15+00:00,68994b2237717cd74bd99f12ac817d72
videos/de6bd8c7/cabine_1.mp4,8154759,2026-07-23T21:01:16+00:00,a9de2b665183a25f64b03905cb65ef48
videos/de6bd8c7/cabine_2.mp4,7330694,2026-07-23T21:01:19+00:00,fd55f1207cab06728fe311a6b41d837d
videos/deccdcc5/cabine_1.mp4,3988914,2026-07-23T18:49:18+00:00,fcdf43440b48eb04461d9461048742ee
videos/deccdcc5/cabine_2.mp4,3837062,2026-07-23T18:49:21+00:00,b746d698111ac40c32854a0c856b3a7b
videos/f5c177d5/cabine_1.mp4,2773013,2026-07-23T17:48:01+00:00,945fcc5068e5b607d0a7d85b8f709ef6
videos/f5c177d5/cabine_2.mp4,3290323,2026-07-23T17:48:04+00:00,1862fa7ba3e1ccbfc1f31402cb06009e
videos/fd99d055/cabine_1.mp4,7157469,2026-07-23T21:08:35+00:00,7ef91452da9fb92e4f4e8c0bf93a8302
videos/fd99d055/cabine_2.mp4,10217553,2026-07-23T21:08:44+00:00,aead594ebe037b8394a647db16c48447-2
videos/ffd88988/cabine_1.mp4,4183309,2026-07-23T17:49:54+00:00,b22da19b72fc53c5858bf414ee23bdea
videos/ffd88988/cabine_2.mp4,7964951,2026-07-23T17:49:57+00:00,1686c8154607d48b280fedf7f1ce39c6
